,5lui.pdb:A,6eqe.pdb:A,7dzv.pdb:A,8cru.pdb:A
1qe3.pdb:A,0.5617,0.5628,0.5595,0.56635
5lui.pdb:A,1.000001,0.9337,0.93555,0.9342
6eqe.pdb:A,1.000001,1.000001,0.9711000000000001,0.9874499999999999
7dzv.pdb:A,1.000001,1.000001,1.000001,0.97
